"description_length","average_rating"
"short","2.376278118609407"
"Normal","3.0763394973921288"
"Long","3.855946944988041"
